CourseNum, SectionID, ClassType, Section, Day, Time, Building, Room, StudentsNumber
MGT-45, 911396, LE, A00, MW, 11:00a-1:50p, WFH, 1N108, 44
POLI-126, 908893, LE, A00, TuTh, 2:00p-4:50p, WLH, 2110, 6
POLI-121, 915542, LE, A00, MW, 5:00p-7:50p, HSS, 2321, 25
COMM-10, , LE, A00, TuTh, 11:00a-1:50p, CENTR, 222, 47
COMM-10, 909837, DI, A01, Th, 3:00p-4:50p, WLH, 2112, 24
COMM-10, 909838, DI, A02, F, 11:00a-12:50p, HSS, 1128A, 23
MGT-4, 909536, LE, A00, MTuWTh, 12:30p-1:50p, CSB, 002, 7
MGT-4, 911393, LE, A00, TuTh, 11:00a-1:50p, OTRSN, 1S113, 58
MGT-5, 911383, LE, A00, TuTh, 8:00a-10:50a, WFH, 1N108, 52
LTSP-150B, 908767, LE, A00, MW, 11:00a-1:50p, HSS, 2150, 3
MATH-120A, , LE, A00, MWF, 8:00a-9:50a, CENTR, 109, 79
MATH-120A, 909565, DI, A01, MW, 2:00p-2:50p, PETER, 104, 43
MATH-120A, 909566, DI, A02, MW, 3:00p-3:50p, PETER, 104, 36
CSE-5A, , LE, A00, MW, 8:00a-10:50a, WLH, 2111, 28
CSE-5A, 909160, DI, A01, MW, 12:00p-12:50p, WLH, 2204, 26
CSE-5A, , LE, A00, TuTh, 8:00a-10:50a, WLH, 2111, 28
CSE-5A, 909899, DI, A01, TuTh, 12:00p-12:50p, CSB, 005, 30
MGT-452, 910074, LE, A00, F, 12:30p-6:30p, OTRSN, 1E106, 0
MGT-103, 911386, LE, A00, MW, 8:00a-10:50a, OTRSN, 1S113, 69
MGT-103, 911397, LE, A00, MW, 8:00a-10:50a, OTRSN, 1S113, 79
CSE-134B, 909157, LE, A00, MTuWTh, 8:00a-9:20a, CENTR, 105, 94
CGS-114, 909076, LE, A00, MW, 2:00p-4:50p, CENTR, 207, 10
CGS-112, 909075, LE, A00, TuTh, 11:00a-1:50p, SEQUO, 148, 18
MGT-459, 910065, LE, A00, S, 8:00a-11:00a, OTRSN, 1E106, 0
PHIL-15, , LE, A00, MW, 2:00p-4:50p, PETER, 102, 16
PHIL-15, 909632, DI, A01, MW, 12:00p-12:50p, SOLIS, 111, 4
PHIL-15, 909633, DI, A02, MW, 1:00p-1:50p, SOLIS, 111, 12
PHIL-10, , LE, A00, MW, 11:00a-12:50p, HSS, 1128A, 45
PHIL-10, 908861, DI, A01, MW, 10:00a-10:50a, HSS, 1128A, 16
PHIL-10, 908862, DI, A02, MW, 1:00p-1:50p, HSS, 1128A, 13
PHIL-10, , LE, A00, MW, 11:00a-12:50p, CSB, 001, 45
PHIL-10, 909629, DI, A01, MW, 10:00a-10:50a, CSB, 001, 33
PHIL-10, 909630, DI, A02, MW, 1:00p-1:50p, CSB, 001, 28
PHIL-13, , LE, A00, TuTh, 11:00a-1:50p, HSS, 1128A, 20
PHIL-13, 908864, DI, A01, TuTh, 10:00a-10:50a, HSS, 1128A, 10
PHIL-13, 908865, DI, A02, TuTh, 2:00p-2:50p, HSS, 1128A, 10
CHEM-114A, , LE, A00, MTuWTh, 9:30a-10:50a, GH, 242, 51
CHEM-114A, 909080, DI, A01, TuTh, 11:00a-11:50a, GH, 242, 51
VIS-60, , LE, A00, MW, 9:00a-11:50a, SME, 149, 56
VIS-60, 908976, LA, A01, MW, 1:00p-3:50p, MANDE, B-206, 25
VIS-60, 908977, LA, A02, TuTh, 9:00a-11:50a, MANDE, B-206, 22
VIS-60, 908978, LA, A03, TuTh, 1:00p-3:50p, MANDE, B-206, 9
HIUS-113, 909945, LE, A00, MW, 11:00a-1:50p, SEQUO, 147, 28
COGS-102A, , LE, A00, MW, 11:00a-1:50p, MANDE, B-150, 60
COGS-102A, 909831, DI, A01, MW, 2:00p-2:50p, MANDE, B-150, 60
MGT-131A, 911387, LE, A00, TuTh, 11:00a-1:50p, WFH, 1N108, 35
CHEM-143B, , LE, A00, TuTh, 8:00a-9:20a, YORK, 2722, 0
CHEM-143B, 909096, LA, A01, MTuWTh, 9:30a-12:20p, NSB, 1311, 0
CHEM-143B, 909097, LA, A02, MTuWTh, 9:30a-12:20p, NSB, 1319, 0
CHEM-143A, , LE, A00, MW, 11:00a-11:50a, YORK, 2622, 0
CHEM-143A, 909089, LA, A01, MTuWTh, 8:00a-10:50a, YORK, 3224, 0
CHEM-143A, 909090, LA, A02, MTuWTh, 12:30p-3:20p, YORK, 3208, 0
CHEM-143A, 909091, LA, A03, MTuWTh, 8:00a-10:50a, YORK, 3208, 0
CHEM-143A, 909092, LA, A04, MTuWTh, 12:30p-3:20p, YORK, 3224, 0
CHEM-143A, 909093, LA, A05, MTuWTh, 8:00a-10:50a, YORK, 3108, 0
MUS-80, 908842, SE, A00, MW, 2:00p-4:50p, WLH, 2112, 13
MUS-80, 909623, SE, A00, TuTh, 5:00p-7:50p, WLH, 2114, 13
MUS-80, 909625, SE, C00, TuTh, 2:00p-4:50p, WLH, 2114, 6
POLI-100B, 909663, LE, A00, MW, 2:00p-4:50p, HSS, 1128A, 24
CAT-124, , SE, A00, Tu, 2:00p-4:50p, CENTR, 203, 0
POLI-100M, 909664, LE, A00, TuTh, 11:00a-1:50p, WLH, 2115, 33
ETHN-135B, 909213, LE, A00, MW, 11:00a-1:50p, HSS, 2150, 6
TDGE-122, 908954, LE, A00, MW, 2:00p-4:50p, CSB, 001, 22
TDGE-124, 909723, LE, A00, TuTh, 11:00a-1:50p, PETER, 104, 54
HINE-120, 909229, LE, A00, MW, 2:00p-4:50p, HSS, 2154, 10
HILA-114, 909943, LE, A00, TuTh, 11:00a-1:50p, HSS, 1128A, 26
ANBI-173, 909748, LE, A00, TuTh, 11:00a-1:50p, WLH, 2112, 26
EDS-125, 909992, LE, A00, MW, 2:00p-4:50p, PCYNH, 120, 30
MUS-13, , LE, A00, TuTh, 2:00p-4:50p, WLH, 2204, 42
MUS-13, 909614, DI, A01, TuTh, 5:00p-5:50p, WLH, 2204, 42
MUS-11, , LE, A00, TuTh, 2:00p-4:50p, WLH, 2112, 15
MUS-11, 908845, DI, A01, TuTh, 5:00p-5:50p, WLH, 2112, 17
MUS-11, , LE, B00, TuTh, 11:00a-1:50p, WLH, 2206, 15
MUS-11, 908847, DI, B01, TuTh, 2:00p-2:50p, WLH, 2206, 6
MUS-11, , LE, A00, MW, 2:00p-4:50p, WLH, 2112, 15
MUS-11, 909616, DI, A01, MW, 5:00p-5:50p, WLH, 2112, 24
MUS-15, , LE, A00, MW, 11:00a-1:50p, WLH, 2114, 26
MUS-15, 908851, DI, A01, MW, 2:00p-2:50p, WLH, 2114, 21
MUS-15, , LE, B00, TuTh, 5:00p-7:50p, WLH, 2115, 26
MUS-15, 908853, DI, B01, TuTh, 4:00p-4:50p, WLH, 2115, 31
MUS-15, , LE, A00, MW, 5:00p-7:50p, WLH, 2154, 26
MUS-15, 909618, DI, A01, MW, 4:00p-4:50p, WLH, 2154, 26
MUS-15, , LE, B00, TuTh, 11:00a-1:50p, WLH, 2154, 26
MUS-15, 909620, DI, B01, TuTh, 2:00p-2:50p, WLH, 2154, 26
MUS-14, , LE, A00, TuTh, 5:00p-7:50p, WLH, 2114, 35
MUS-14, 908849, DI, A01, TuTh, 4:00p-4:50p, WLH, 2114, 35
COMM-107, 909133, LE, A00, TuTh, 11:00a-1:50p, WLH, 2207, 28
COGS-109, , LE, A00, MW, 2:00p-4:50p, MANDE, B-150, 65
COGS-109, 909123, LA, A01, TuTh, 9:00a-9:50a, CSB, 115, 31
COGS-109, 909124, LA, A02, TuTh, 10:00a-10:50a, CSB, 115, 34
PSYC-124, 908916, LE, A00, TuTh, 2:00p-4:50p, MCGIL, 1350, 29
SOCI-117, , LE, A00, TuTh, 5:00p-7:50p, PCYNH, 340, 0
ECON-110B, , LE, A00, TuTh, 2:00p-4:50p, CENTR, 113, 33
ECON-110B, 909195, DI, A01, W, 12:00p-1:50p, SOLIS, 104, 33
ECON-110B, , LE, A00, TuTh, 11:00a-1:50p, CSB, 002, 33
ECON-110B, 909926, DI, A01, W, 12:00p-1:50p, WLH, 2204, 34
ECON-110A, , LE, A00, MW, 5:00p-7:50p, CENTR, 113, 68
ECON-110A, 909193, DI, A01, Th, 5:00p-6:50p, CENTR, 113, 68
COMM-120N, 909848, LE, A00, MW, 2:00p-4:50p, WLH, 2115, 25
USP-167, 908969, LE, A00, TuTh, 11:00a-1:50p, HSS, 2152, 5
BICD-136, , LE, A00, MTuWTh, 12:30p-1:50p, PETER, 110, 88
BICD-136, 909769, DI, A01, TuTh, 9:00a-9:50a, CENTR, 207, 16
BICD-136, 909770, DI, A02, TuTh, 10:00a-10:50a, CENTR, 207, 17
BICD-136, 909771, DI, A03, TuTh, 11:00a-11:50a, CENTR, 207, 31
BICD-136, 918941, DI, A04, TuTh, 2:00p-2:50p, HSS, 2150, 24
PHYS-1A, 908871, LE, A00, MTuWTh, 8:00a-9:20a, MANDE, B-210, 40
PHYS-1A, 909638, LE, A00, MTuWTh, 8:00a-9:20a, YORK, 2622, 48
PHYS-1C, 908877, LE, A00, MTuWTh, 3:30p-4:50p, MANDE, B-210, 49
PHYS-1C, 909644, LE, A00, MTuWTh, 3:30p-4:50p, MANDE, B-210, 64
PHYS-1B, 908874, LE, A00, MTuWTh, 2:00p-3:20p, MANDE, B-210, 47
PHYS-1B, 909641, LE, A00, MTuWTh, 9:30a-10:50a, MANDE, B-210, 37
MATH-3C, , LE, A00, MWThF, 9:00a-10:50a, HSS, 1128A, 0
MATH-3C, 911178, DI, A01, Tu, 9:00a-10:50a, HSS, 1128A, 0
MATH-3C, , LE, B00, MWThF, 9:00a-10:50a, HSS, 2154, 0
MATH-3C, 920487, DI, B01, Tu, 9:00a-10:50a, HSS, 2154, 0
CSE-136, , LE, A00, MW, 6:00p-8:50p, PCYNH, 121, 19
CSE-136, 909888, DI, A01, F, 9:00a-10:50a, CENTR, 214, 19
LTAM-140, 909952, LE, A00, TuTh, 2:00p-4:50p, WLH, 2110, 15
MGTF-412, 918835, LE, A00, S, 12:30p-6:30p, OTRSN, 1E106, 0
PHYS-2CL, , LE, B00, MW, 5:00p-5:50p, MANDE, B-210, 85
PHYS-2CL, 917784, LA, B01, TuTh, 9:30a-12:20p, MYR-A, 2544, 27
PHYS-2CL, 917785, LA, B02, TuTh, 12:30p-3:20p, MYR-A, 2544, 29
PHYS-2CL, 917786, LA, B03, TuTh, 3:30p-6:20p, MYR-A, 2544, 29
CSE-123, , LE, A00, TuTh, 2:00p-4:50p, PCYNH, 106, 29
CSE-123, 909884, DI, A01, MW, 10:00a-10:50a, CENTR, 216, 29
MAE-8, , LE, A00, MTuWTh, 11:00a-12:20p, PCYNH, 121, 0
MAE-8, , LE, A00, MTuWTh, 9:00a-10:20a, EBU2, 305, 0
MAE-8, 909539, DI, A01, Th, 5:00p-6:50p, WLH, 2113, 0
ETHN-147, 909938, LE, A00, TuTh, 2:00p-4:50p, HSS, 1305, 7
PHYS-1AL, 908872, LA, 001, TuTh, 10:00a-11:50a, MAYER, 2306, 23
PHYS-1AL, 908873, LA, 002, TuTh, 12:00p-1:50p, MAYER, 2306, 17
PHYS-1AL, 909639, LA, 001, TuTh, 10:00a-11:50a, MAYER, 2306, 20
PHYS-1AL, 909640, LA, 002, TuTh, 12:00p-1:50p, MAYER, 2306, 18
SE-130A, 918024, LE, B00, MW, 2:00p-5:50p, WLH, 2206, 26
ECON-144, 909916, LE, A00, MTuWTh, 3:30p-4:50p, CENTR, 214, 48
LTCS-130, 908766, LE, A00, MW, 11:00a-1:50p, HSS, 1315, 21
SOMI-220, 910094, LE, A00, MTuWThF, 8:00a-12:00p, PSB, 1160, 0
MGT-417, 910069, LE, A00, S, 12:30p-6:30p, OTRSN, 1E107, 0
MGT-132, 911388, LE, A00, TuTh, 11:00a-1:50p, OTRSN, 1S113, 52
SOCI-118E, 908941, LE, A00, MW, 2:00p-4:50p, HSS, 1315, 20
CSE-11, 909143, LE, A00, MW, 11:00a-1:50p, WLH, 2111, 40
CSE-11, , DI, A01, MW, 3:00p-3:50p, WLH, 2205, 20
CSE-11, 909871, LE, A00, TuTh, 11:00a-1:50p, WLH, 2111, 40
CSE-11, , DI, A01, TuTh, 3:00p-3:50p, CSB, 004, 20
CSE-12, , LE, A00, MTuWTh, 2:00p-3:20p, CENTR, 105, 34
CSE-12, 909147, DI, A01, MW, 4:00p-4:50p, HSS, 1330, 102
CSE-12, , LE, A00, MTh, 1:00p-2:50p, EBU3B, 4140, 34
CSE-12, , LE, A00, TuF, 1:00p-1:50p, EBU3B, 4140, 34
CSE-12, 917837, DI, A01, MTh, 3:00p-3:50p, EBU3B, 4140, 0
BILD-18, , LE, A00, MTuWTh, 12:30p-1:50p, PETER, 103, 26
BILD-18, 909028, DI, A01, TuTh, 11:00a-11:50a, PETER, 103, 26
BILD-10, , LE, A00, MTuWTh, 11:00a-12:20p, PETER, 110, 35
BILD-10, 909788, DI, A01, TuTh, 1:00p-1:50p, CSB, 005, 20
BILD-10, 909789, DI, A02, TuTh, 2:00p-2:50p, CSB, 005, 13
BILD-10, 909790, DI, A03, TuTh, 3:00p-3:50p, CSB, 005, 2
CSE-80, 919126, LE, A00, MW, 11:00a-1:50p, EBU3B, B220, 12
CSE-80, , DI, A01, MW, 10:00a-10:50a, EBU3B, B220, 12
HIEU-120, 909218, LE, A00, MW, 11:00a-1:50p, HSS, 2154, 24
CSE-190, 909893, LE, A00, TuTh, 5:00p-7:50p, PCYNH, 106, 29
BIMM-101, , LE, A00, TuWThF, 9:30a-10:50a, YORK, 4080A, 0
BIMM-101, 909035, LA, A01, TuWThF, 11:00a-2:50p, YORK, 4318, 0
BIMM-101, 909036, LA, A02, TuWThF, 11:00a-2:50p, YORK, 4332, 0
BIMM-101, , LE, A00, MTuThF, 11:00a-12:20p, YORK, 2622, 0
BIMM-101, 909792, LA, A01, MTuThF, 1:00p-4:50p, YORK, 4318, 0
BIMM-101, 909793, LA, A02, MTuThF, 1:00p-4:50p, YORK, 4332, 0
BIMM-101, , LE, B00, MTuThF, 12:30p-1:50p, YORK, 3000A, 0
BIMM-101, 917770, LA, B01, MTuThF, 2:00p-5:50p, YORK, 3306, 0
BIMM-100, , LE, A00, MTuWTh, 11:00a-12:20p, CENTR, 105, 86
BIMM-100, 909030, DI, A01, MW, 2:00p-2:50p, CENTR, 218, 29
BIMM-100, 909031, DI, A02, MW, 3:00p-3:50p, CENTR, 218, 24
BIMM-100, 909032, DI, A03, TuTh, 3:00p-3:50p, CENTR, 218, 17
BIMM-100, 909033, DI, A04, TuTh, 4:00p-4:50p, CENTR, 218, 16
HIEA-126, 909215, LE, A00, MTuWTh, 9:30a-10:50a, CENTR, 217B, 35
CENG-100, 920043, LE, B00, MTuWTh, 9:30a-10:50a, WLH, 2204, 31
CENG-100, , LE, B00, F, 9:30a-11:20a, WLH, 2204, 15
WCWP-100, 908982, LE, A00, MW, 11:00a-1:50p, EBU3B, 1113, 15
WCWP-100, 909734, LE, A00, TuTh, 11:00a-1:50p, EBU3B, 1113, 12
SIO-295LS, 910083, LA, A00, MTuWThF, 1:00p-4:00p, HUBBS, 3300, 23
MUS-20, , LE, A00, MW, 11:00a-1:50p, WLH, 2114, 24
MUS-20, 909622, DI, A01, MW, 2:00p-2:50p, WLH, 2114, 24
POLI-104I, 908901, LE, A00, TuTh, 11:00a-1:50p, HSS, 2321, 20
MUS-5, , LE, A00, TuTh, 11:00a-1:50p, WLH, 2114, 29
MUS-5, 908983, LA, A01, TuTh, 2:00p-2:50p, WLH, 2114, 33
MUS-5, , LE, A00, TuTh, 6:00p-8:50p, WLH, 2112, 29
MUS-5, 909612, LA, A01, TuTh, 5:00p-5:50p, WLH, 2112, 25
POLI-104A, 908900, LE, A00, MW, 11:00a-1:50p, HSS, 2321, 22
BIPN-134, , LE, A00, MW, 11:00a-1:50p, CENTR, 216, 56
BIPN-134, 909050, DI, A01, Tu, 9:00a-10:50a, CENTR, 207, 15
BIPN-134, 909051, DI, A02, W, 9:00a-10:50a, CENTR, 218, 29
BIPN-134, 918840, DI, A03, M, 2:00p-3:50p, CENTR, 217B, 12
ENVR-140, , LE, A00, TuTh, 2:00p-4:50p, HSS, 2321, 0
MMW-122, , LE, A00, MW, 11:00a-1:50p, CENTR, 105, 64
MMW-122, 909608, DI, A01, MW, 3:00p-3:50p, CENTR, 220, 27
MMW-122, 909609, DI, A02, MW, 4:00p-4:50p, CENTR, 220, 21
MMW-122, 909610, DI, A03, MW, 5:00p-5:50p, CENTR, 220, 16
MMW-121, , LE, A00, TuTh, 11:00a-1:50p, PETER, 102, 58
MMW-121, 908840, DI, A01, TuTh, 2:00p-2:50p, CENTR, 207, 30
MMW-121, 908841, DI, A02, TuTh, 3:00p-3:50p, CENTR, 207, 28
MAE-101A, 918954, LE, B00, MW, 8:00a-10:50a, CSB, 001, 50
MAE-101B, 920596, LE, B00, MW, 11:00a-1:50p, CSB, 002, 50
MAE-101C, 918953, LE, B00, MW, 6:00p-8:50p, PETER, 104, 53
EDS-128B, , LE, A00, TuTh, 2:00p-4:50p, PCYNH, 304, 0
EDS-128A, , LE, A00, TuTh, 2:00p-4:50p, PCYNH, 304, 0
MAE-20, 908772, LE, A00, TuTh, 8:00a-10:50a, WLH, 2111, 24
MCWP-125, 909599, SE, A00, TuTh, 11:00a-1:50p, HSS, 2346A, 19
MGT-414A, 910079, LE, A00, Th, 6:30p-9:30p, OTRSN, 1E107, 0
PSYC-60, , LE, A00, MTuWTh, 9:30a-10:50a, SOLIS, 104, 57
PSYC-60, 908912, DI, A01, TuTh, 8:30a-9:20a, SOLIS, 104, 55
PSYC-60, , LE, A00, MTuWTh, 2:00p-3:20p, PCYNH, 122, 57
PSYC-60, 909682, DI, A01, TuTh, 3:30p-4:20p, PCYNH, 122, 60
HILA-126, 909224, LE, A00, MW, 2:00p-4:50p, YORK, 3000A, 10
COGS-11, , LE, A00, TuTh, 11:00a-1:50p, MANDE, B-150, 51
COGS-11, 909237, DI, A01, TuTh, 10:00a-10:50a, MANDE, B-150, 51
WCWP-10B, 908986, SE, A00, MW, 2:00p-4:50p, EBU3B, 1113, 17
WCWP-10B, 909735, SE, A00, TuTh, 2:00p-4:50p, EBU3B, 1113, 17
CSE-141L, 909897, LE, A00, MW, 5:00p-5:50p, WLH, 2111, 55
CSE-141L, , LA, A01, MW, 6:00p-6:50p, WLH, 2111, 55
COGS-151, 909125, LE, A00, MTuWTh, 9:30a-10:50a, HSS, 2321, 14
TDDE-1, , LE, A00, TuTh, 11:00a-1:50p, GH, 102, 0
MATH-10A, , LE, A00, MWF, 2:00p-3:50p, SOLIS, 104, 35
MATH-10A, 908796, DI, A01, Th, 10:00a-11:50a, APM, B412, 36
MATH-10A, 908797, DI, A02, Th, 12:00p-1:50p, APM, B412, 35
MATH-10A, , LE, A00, MWF, 9:00a-10:50a, SOLIS, 111, 35
MATH-10A, 911182, DI, A01, Tu, 9:00a-10:50a, SOLIS, 111, 0
MATH-10B, , LE, A00, MWF, 2:00p-3:50p, HSS, 1330, 62
MATH-10B, 908799, DI, A01, TuTh, 2:00p-2:50p, APM, B412, 31
MATH-10B, 908800, DI, A02, TuTh, 3:00p-3:50p, APM, B412, 30
MATH-10B, , LE, A00, MWF, 2:00p-3:50p, HSS, 1330, 62
MATH-10B, 909558, DI, A01, TuTh, 2:00p-2:50p, APM, B412, 33
MATH-10B, 909559, DI, A02, TuTh, 3:00p-3:50p, APM, B412, 30
MATH-10C, , LE, A00, MTuWTh, 9:30a-10:50a, LEDDN, AUD, 80
MATH-10C, 909561, DI, A01, TuTh, 11:00a-11:50a, APM, B412, 31
MATH-10C, 909562, DI, A02, TuTh, 12:00p-12:50p, APM, B412, 27
MATH-10C, 909563, DI, A03, TuTh, 1:00p-1:50p, APM, B412, 22
PSYC-157, 909692, LE, A00, TuTh, 2:00p-4:50p, HSS, 1315, 30
PSYC-155, 908918, LE, A00, TuTh, 8:00a-10:50a, CENTR, 212, 86
CSE-15L, , LE, A00, MTh, 4:00p-5:50p, EBU3B, 4140, 0
CSE-15L, 917839, LA, A01, TuF, 3:00p-4:50p, EBU3B, B240, 0
ECE-5, , LE, A00, MTuThF, 9:00a-10:20a, SME, 305, 0
CENG-15, 909807, LE, A00, MTuThF, 9:00a-10:20a, WLH, 2114, 14
ETHN-103, 909937, LE, A00, TuTh, 11:00a-1:50p, SEQUO, 147, 26
ETHN-101, , LE, A00, TuTh, 5:00p-7:50p, HSS, 2150, 0
TDGE-1, , LE, A00, MW, 11:00a-12:50p, YORK, 4080A, 35
TDGE-1, 908949, DI, A01, MW, 1:00p-1:50p, YORK, 4080A, 35
BICD-100, , LE, A00, MTuWTh, 9:30a-10:50a, CENTR, 214, 42
BICD-100, 909008, DI, A01, MW, 11:00a-11:50a, CENTR, 218, 32
BICD-100, 909009, DI, A02, TuTh, 12:00p-12:50p, CENTR, 207, 30
BICD-100, 909010, DI, A03, TuTh, 1:00p-1:50p, CENTR, 207, 23
BICD-100, , LE, A00, MTuWTh, 9:30a-10:50a, SEQUO, 147, 42
BICD-100, 917766, DI, A01, F, 9:00a-10:50a, SEQUO, 147, 0
BICD-100, 917767, DI, A02, F, 9:00a-10:50a, SEQUO, 148, 0
BICD-101, , LE, A00, MTuThF, 12:30p-1:50p, YORK, 4124, 0
BICD-101, 917772, LA, A01, MTuThF, 2:00p-5:50p, YORK, 4124, 0
SOCI-157, 909710, LE, A00, TuTh, 6:00p-8:50p, SSB, 101, 22
MGT-131B, 911400, LE, A00, TuTh, 8:00a-10:50a, OTRSN, 1S113, 53
MGT-164, 911402, LE, A00, TuTh, 11:00a-1:50p, OTRSN, 1S114, 50
POLI-146A, 909675, LE, A00, MW, 8:00a-10:50a, HSS, 2150, 13
SOCI-131, 909738, LE, A00, MW, 2:00p-4:50p, HSS, 1305, 14
ECON-116, 909914, LE, A00, MW, 8:00a-10:50a, MANDE, B-104, 22
SE-154, 918047, LE, B00, MW, 4:00p-7:50p, WLH, 2204, 34
CSE-150, , LE, A00, TuTh, 11:00a-1:50p, CENTR, 212, 52
CSE-150, 909154, DI, A01, W, 9:00a-10:50a, CENTR, 212, 52
PSYC-100, 908913, LE, A00, TuTh, 11:00a-1:50p, CENTR, 216, 46
MGT-112, 911398, LE, A00, MW, 5:00p-7:50p, WFH, 1N108, 86
MATH-102, , LE, A00, MW, 5:00p-7:50p, CENTR, 115, 78
MATH-102, 908788, DI, A01, TuTh, 5:00p-5:50p, APM, 5402, 24
MATH-102, 908789, DI, A02, TuTh, 6:00p-6:50p, APM, 5402, 19
MATH-102, 917791, DI, A03, TuTh, 5:00p-5:50p, APM, B412, 19
MATH-102, 917792, DI, A04, TuTh, 6:00p-6:50p, APM, B412, 16
MATH-109, , LE, A00, MTuThF, 9:30a-10:50a, HSS, 1330, 77
MATH-109, 908791, DI, A01, WF, 11:00a-11:50a, APM, 2402, 31
MATH-109, 908792, DI, A02, WF, 12:00p-12:50p, APM, 2402, 37
MATH-109, 908793, DI, A03, WF, 1:00p-1:50p, APM, 2402, 26
MATH-109, 908794, DI, A04, WF, 2:00p-2:50p, APM, 2402, 33
MATH-109, , LE, A00, MTuThF, 9:30a-10:50a, HSS, 1330, 77
MATH-109, 909555, DI, A01, WF, 12:00p-12:50p, APM, 5402, 32
MATH-109, 909556, DI, A02, WF, 1:00p-1:50p, APM, 5402, 27
MATH-109, 918750, DI, A03, WF, 11:00a-11:50a, APM, 5402, 30
MATH-109, , LE, B00, MTuThF, 8:30a-9:50a, APM, 2402, 77
MATH-109, 917845, DI, B01, MTh, 10:00a-10:50a, APM, 2402, 15
BILD-1, , LE, A00, MTuWTh, 9:30a-10:50a, CENTR, 105, 63
BILD-1, 909016, DI, A01, TuTh, 12:00p-12:50p, CENTR, 218, 31
BILD-1, 909017, DI, A02, TuTh, 1:00p-1:50p, CENTR, 218, 14
BILD-1, 909018, DI, A03, TuTh, 2:00p-2:50p, CENTR, 218, 13
BILD-1, , LE, A00, MTuWTh, 9:30a-10:50a, CENTR, 105, 63
BILD-1, 909776, DI, A01, Tu, 11:00a-12:50p, CENTR, 217A, 30
BILD-1, 909777, DI, A02, W, 11:00a-12:50p, CENTR, 217A, 24
BILD-1, 909778, DI, A03, W, 3:00p-4:50p, CENTR, 218, 15
CGS-102, 909074, LE, A00, MW, 11:00a-1:50p, HSS, 2152, 11
PHIL-27, , LE, A00, MW, 2:00p-4:50p, CENTR, 113, 65
PHIL-27, 908867, DI, A01, MW, 12:00p-12:50p, WLH, 2206, 23
PHIL-27, 908868, DI, A02, MW, 1:00p-1:50p, WLH, 2206, 31
PHIL-27, 918957, DI, A03, TuTh, 10:00a-10:50a, HSS, 1305, 6
PHIL-27, 918958, DI, A04, TuTh, 11:00a-11:50a, HSS, 1305, 5
VIS-165, 909731, LE, A00, MTuW, 8:00a-11:50a, MANDE, 106, 22
SIO-30, , LE, A00, TuTh, 2:00p-4:50p, SEQUO, 148, 41
SIO-30, 908937, DI, A01, TuTh, 5:00p-5:50p, SEQUO, 148, 41
ECON-120A, , LE, A00, MW, 8:00a-10:50a, PETER, 102, 29
ECON-120A, 909197, DI, A01, Tu, 9:00a-10:50a, PCYNH, 121, 34
ECON-120A, , LE, A00, MTuWTh, 12:30p-1:50p, CENTR, 214, 29
ECON-120A, 909928, DI, A01, F, 12:00p-1:50p, PETER, 103, 25
ECON-120B, , LE, A00, TuTh, 8:00a-10:50a, PETER, 102, 53
ECON-120B, 909199, DI, A01, W, 9:00a-10:50a, HSS, 1330, 56
ECON-120B, , LE, A00, TuTh, 2:00p-4:50p, CENTR, 105, 53
ECON-120B, 909930, DI, A01, W, 3:00p-4:50p, MANDE, B-150, 50
ECON-120C, , LE, A00, TuTh, 2:00p-4:50p, CENTR, 216, 67
ECON-120C, 909201, DI, A01, W, 4:00p-5:50p, SOLIS, 104, 65
ECON-120C, , LE, A00, TuTh, 8:00a-10:50a, CSB, 002, 67
ECON-120C, 909932, DI, A01, F, 9:00a-10:50a, CSB, 002, 69
MATH-110A, , LE, A00, MWF, 8:00a-9:50a, CENTR, 113, 92
MATH-110A, 908802, DI, A01, F, 2:00p-3:50p, APM, B402A, 49
MATH-110A, 917147, DI, A02, F, 12:00p-1:50p, APM, B402A, 43
MATH-20C, , LE, A00, TuTh, 8:00a-10:50a, CENTR, 216, 115
MATH-20C, 908819, DI, A01, MW, 8:00a-8:50a, APM, 5402, 24
MATH-20C, 908820, DI, A02, MW, 9:00a-9:50a, APM, 5402, 24
MATH-20C, 908821, DI, A03, MW, 11:00a-11:50a, APM, B412, 33
MATH-20C, 908822, DI, A04, MW, 12:00p-12:50p, APM, B412, 26
MATH-20C, , LE, A00, MTuWTh, 11:00a-12:20p, LEDDN, AUD, 115
MATH-20C, 909579, DI, A01, TuTh, 1:00p-1:50p, APM, 5402, 34
MATH-20C, 909580, DI, A02, TuTh, 2:00p-2:50p, APM, 5402, 32
MATH-20C, 909581, DI, A03, TuTh, 3:00p-3:50p, APM, 5402, 31
MATH-20C, 909582, DI, A04, TuTh, 4:00p-4:50p, APM, 5402, 27
MATH-20B, , LE, A00, MTuWTh, 11:00a-12:20p, PETER, 104, 33
MATH-20B, 908816, DI, A01, TuTh, 2:00p-2:50p, APM, 5402, 24
MATH-20B, 908817, DI, A02, TuTh, 3:00p-3:50p, APM, 5402, 12
MATH-20B, , LE, A00, MWF, 9:00a-10:50a, PETER, 104, 33
MATH-20B, 909576, DI, A01, TuTh, 9:00a-9:50a, APM, B412, 30
MATH-20A, , LE, A00, MWF, 10:00a-11:50a, APM, 5402, 9
MATH-20A, 908814, DI, A01, Th, 8:00a-9:50a, APM, 5402, 19
MATH-20A, , LE, A00, MWF, 9:00a-10:50a, SOLIS, 110, 9
MATH-20A, 911184, DI, A01, Tu, 9:00a-10:50a, SOLIS, 110, 0
MATH-20E, , LE, A00, MTuWTh, 2:00p-3:20p, LEDDN, AUD, 79
MATH-20E, 909593, DI, A01, MW, 4:00p-4:50p, APM, 5402, 28
MATH-20E, 909594, DI, A02, MW, 5:00p-5:50p, APM, 5402, 24
MATH-20E, 909595, DI, A03, MW, 6:00p-6:50p, APM, 5402, 25
MATH-20E, 909596, DI, A04, MW, 7:00p-7:50p, APM, 5402, 15
MATH-20E, 909597, DI, A05, MW, 4:00p-4:50p, APM, B412, 27
MATH-20E, 909598, DI, A06, MW, 5:00p-5:50p, APM, B412, 25
MATH-20E, , LE, B00, MTuThF, 1:00p-2:20p, APM, 2402, 79
MATH-20E, 917843, DI, B01, MTh, 3:00p-3:50p, APM, 2402, 14
MATH-20D, , LE, A00, MTuWTh, 12:30p-1:50p, MANDE, B-210, 104
MATH-20D, 908824, DI, A01, MW, 2:00p-2:50p, APM, 5402, 35
MATH-20D, 908825, DI, A02, MW, 3:00p-3:50p, APM, 5402, 34
MATH-20D, 908826, DI, A03, MW, 4:00p-4:50p, APM, 5402, 29
MATH-20D, 908827, DI, A04, MW, 5:00p-5:50p, APM, 5402, 29
MATH-20D, , LA, A50, TuTh, 2:00p-2:50p, APM, B349, 26
MATH-20D, , LA, A51, TuTh, 3:00p-3:50p, APM, B349, 26
MATH-20D, , LA, A52, TuTh, 4:00p-4:50p, APM, B349, 26
MATH-20D, , LA, A53, TuTh, 5:00p-5:50p, APM, B349, 26
MATH-20D, , LE, A00, MW, 8:00a-10:50a, PETER, 110, 104
MATH-20D, 909584, DI, A01, TuTh, 8:00a-8:50a, APM, 5402, 32
MATH-20D, 909585, DI, A02, TuTh, 9:00a-9:50a, APM, 5402, 10
MATH-20D, 909586, DI, A03, TuTh, 10:00a-10:50a, APM, 5402, 19
MATH-20D, 909587, DI, A04, TuTh, 11:00a-11:50a, APM, 5402, 21
MATH-20D, , LA, A50, MW, 11:00a-11:50a, APM, B349, 26
MATH-20D, , LA, A51, MW, 12:00p-12:50p, APM, B349, 26
MATH-20D, , LA, A52, MW, 1:00p-1:50p, APM, B349, 26
MATH-20D, , LA, A53, MW, 2:00p-2:50p, APM, B349, 26
PHYS-1BL, 908875, LA, 001, TuTh, 10:00a-11:50a, MAYER, 2326, 26
PHYS-1BL, 908876, LA, 002, TuTh, 12:00p-1:50p, MAYER, 2326, 26
PHYS-1BL, 909642, LA, 001, TuTh, 2:00p-3:50p, MAYER, 2326, 19
PHYS-1BL, 909643, LA, 002, TuTh, 4:00p-5:50p, MAYER, 2326, 21
ECON-139, 909185, LE, A00, TuTh, 2:00p-4:50p, WLH, 2113, 40
MMW-15, , LE, A00, MW, 11:00a-1:50p, CENTR, 119, 146
MMW-15, 909601, DI, A01, MW, 9:00a-9:50a, CENTR, 203, 24
MMW-15, 909602, DI, A02, MW, 10:00a-10:50a, CENTR, 203, 29
MMW-15, 909603, DI, A03, MW, 3:00p-3:50p, CENTR, 203, 30
MMW-15, 909604, DI, A04, MW, 4:00p-4:50p, CENTR, 203, 29
MMW-15, 909605, DI, A05, MW, 3:00p-3:50p, CENTR, 207, 24
MMW-15, 909606, DI, A06, MW, 4:00p-4:50p, CENTR, 207, 10
MMW-14, , LE, A00, MW, 5:00p-7:50p, CENTR, 119, 161
MMW-14, 908833, DI, A01, MW, 9:00a-9:50a, CENTR, 203, 29
MMW-14, 908834, DI, A02, MW, 10:00a-10:50a, CENTR, 203, 31
MMW-14, 908835, DI, A03, MW, 11:00a-11:50a, CENTR, 203, 24
MMW-14, 908836, DI, A04, MW, 12:00p-12:50p, CENTR, 203, 22
MMW-14, 908837, DI, A05, MW, 12:00p-12:50p, CENTR, 207, 28
MMW-14, 908838, DI, A06, MW, 1:00p-1:50p, CENTR, 207, 27
TDAC-1, 908944, LA, A00, TuTh, 5:00p-7:50p, GH, 170, 19
TDAC-1, 908945, LA, B00, MW, 5:00p-7:50p, GH, 170, 20
TDAC-1, 908946, LA, C00, TuTh, 2:00p-4:50p, GH, 170, 19
TDAC-1, 909713, LA, A00, MW, 11:00a-1:50p, GH, 170, 16
TDAC-1, 909714, LA, B00, MW, 5:00p-7:50p, GH, 170, 19
TDAC-1, 909715, LA, C00, TuTh, 11:00a-1:50p, GH, 170, 16
SOCI-121, 909709, LE, A00, TuTh, 2:00p-4:50p, SEQUO, 148, 23
LTEN-149, 909954, LE, A00, TuTh, 11:00a-1:50p, WLH, 2110, 13
MGT-491, 910066, LE, A00, MTh, 6:30p-9:30p, OTRSN, 1E106, 0
POLI-160AA, 908907, LE, A00, TuTh, 2:00p-4:50p, SEQUO, 147, 26
USP-171, 908970, LE, A00, TuTh, 8:00a-10:50a, PCYNH, 120, 30
COMM-113T, 909847, LE, A00, MW, 11:00a-1:50p, MANDE, B-104, 19
COGS-107A, , LE, A00, MW, 11:00a-1:50p, MANDE, B-150, 52
COGS-107A, 909128, LA, A01, MW, 10:00a-10:50a, MANDE, B-150, 52
ENG-10, 912808, LE, A00, MW, 1:00p-2:50p, SME, 303, 0
ENG-10, 912809, LE, B00, MW, 3:00p-4:50p, SME, 303, 0
ENG-10, 912810, LE, C00, TuTh, 1:00p-2:50p, SME, 303, 0
ENG-10, 912811, LE, D00, TuTh, 3:00p-4:50p, SME, 303, 0
EDS-250, 910006, SE, A00, MWF, 1:00p-3:50p, PCYNH, 340, 32
POLI-142Q, 909673, LE, A00, TuTh, 11:00a-1:50p, HSS, 2150, 9
POLI-142P, 908906, LE, A00, MW, 11:00a-1:50p, WLH, 2209, 7
POLI-142K, 909672, LE, A00, MW, 11:00a-1:50p, PETER, 108, 410
POLI-100O, 909665, LE, A00, MW, 11:00a-1:50p, HSS, 1128A, 17
POLI-142A, 908904, LE, A00, MW, 5:00p-7:50p, PETER, 103, 31
HIEU-152, 909941, LE, A00, MTuWTh, 9:30a-10:50a, HSS, 1305, 18
CGS-147, 909809, LE, A00, TuTh, 2:00p-4:50p, HSS, 1305, 7
COGS-20, , LE, A00, MW, 11:00a-1:50p, WLH, 2114, 5
COGS-20, 912799, DI, A01, MW, 2:00p-2:50p, WLH, 2114, 5
MGTF-490, 910080, LE, A00, Th, 10:00a-1:00p, WFH, 4N128, 48
MGTF-490, 918836, LE, B00, W, 10:00a-1:00p, WFH, 4N128, 45
ECE-45, , LE, A00, MTuWTh, 11:00a-12:20p, WLH, 2005, 25
ECE-45, 909164, DI, A01, W, 9:00a-10:50a, WLH, 2005, 33
ECE-45, , LE, A00, MW, 3:30p-4:50p, PCYNH, 122, 25
ECE-45, 909988, DI, A01, Th, 4:00p-5:50p, PCYNH, 121, 17
PSYC-116, , LE, A00, W, 2:00p-2:50p, MNDLR, 1539, 0
WES-237B, 910096, LE, A00, S, 9:00a-4:30p, EBU3B, 4140, 22
POLI-120P, 908903, LE, A00, MW, 2:00p-4:50p, HSS, 2152, 6
ECON-107, 909180, LE, A00, MW, 11:00a-1:50p, SEQUO, 147, 19
HUM-4, , LE, A00, MW, 5:00p-7:50p, PCYNH, 120, 39
HUM-4, 908754, DI, A01, MW, 8:00p-8:50p, PCYNH, 120, 41
HUM-4, , LE, A00, TuTh, 5:00p-7:50p, CSB, 004, 39
HUM-4, 909949, DI, A01, TuTh, 8:00p-8:50p, CSB, 004, 37
HUM-5, , LE, A00, TuTh, 11:00a-1:50p, YORK, 4080A, 37
HUM-5, 908756, DI, A01, TuTh, 2:00p-2:50p, YORK, 4080A, 42
HUM-5, , LE, A00, TuTh, 11:00a-1:50p, CSB, 004, 37
HUM-5, 909951, DI, A01, TuTh, 2:00p-2:50p, CSB, 004, 33
COMM-105G, 909846, LE, A00, MW, 2:00p-4:50p, SOLIS, 111, 38
HUM-3, , LE, A00, MW, 2:00p-4:50p, YORK, 4080A, 36
HUM-3, 908752, DI, A01, MW, 5:00p-5:50p, YORK, 4080A, 38
HUM-3, , LE, A00, MW, 11:00a-1:50p, CSB, 004, 36
HUM-3, 909947, DI, A01, MW, 2:00p-2:50p, CSB, 004, 35
ECON-109, , LE, A00, MTuWTh, 12:30p-1:50p, CENTR, 105, 64
ECON-109, 909182, DI, A01, F, 12:00p-1:50p, CENTR, 113, 70
ECON-109, , LE, A00, MTuWTh, 11:00a-12:20p, PETER, 103, 64
ECON-109, 909913, DI, A01, F, 10:00a-11:50a, PETER, 103, 58
ECE-107, , LE, A00, MTuWTh, 5:00p-6:20p, WLH, 2204, 28
ECE-107, 917753, DI, A01, Tu, 3:00p-4:50p, PCYNH, 121, 21
ECE-107, , LE, A00, MTuWTh, 11:00a-12:20p, CENTR, 214, 28
ECE-107, 909904, DI, A01, W, 9:00a-10:50a, CENTR, 214, 36
ECE-101, , LE, A00, MTuWTh, 3:30p-4:50p, CENTR, 105, 91
ECE-101, 909171, DI, A01, MW, 5:00p-5:50p, CENTR, 105, 91
POLI-120J, 909667, LE, A00, MW, 11:00a-1:50p, HSS, 2152, 10
POLI-120H, 909666, LE, A00, MW, 11:00a-1:50p, WLH, 2112, 9
ECE-109, , LE, A00, MTuWTh, 9:30a-10:50a, PCYNH, 106, 46
ECE-109, 909907, DI, A01, TuTh, 11:00a-11:50a, PCYNH, 106, 46
HIUS-148, 914446, LE, A00, MW, 11:00a-1:50p, SEQUO, 148, 0
BIMM-134, , LE, A00, MW, 2:00p-4:50p, CENTR, 105, 82
BIMM-134, 909799, DI, A01, Tu, 11:00a-12:50p, CENTR, 220, 29
BIMM-134, 909800, DI, A02, W, 9:00a-10:50a, WLH, 2114, 29
BIMM-134, 918870, DI, A03, M, 11:00a-12:50p, CENTR, 203, 24
HITO-156, 909230, LE, A00, MW, 2:00p-4:50p, HSS, 2150, 19
MAE-130A, 908777, LE, A00, MTuWTh, 12:30p-1:50p, PCYNH, 121, 30
MAE-130B, 909542, LE, A00, MW, 2:00p-4:50p, CENTR, 113, 44
MAE-130C, 909543, LE, A00, MW, 6:00p-8:50p, CENTR, 113, 42
CSE-140L, 909894, LE, A00, MW, 12:00p-12:50p, PCYNH, 122, 57
CSE-140L, , DI, A01, MW, 1:00p-1:50p, PCYNH, 122, 57
POLI-30, 908891, LE, A00, TuTh, 2:00p-4:50p, WLH, 2111, 45
PSYC-2, 909679, LE, A00, TuTh, 5:00p-7:50p, CENTR, 113, 43
ANSC-122, 908992, LE, A00, MW, 2:00p-4:50p, WLH, 2208, 27
ANSC-121, 908991, LE, A00, MW, 11:00a-1:50p, WLH, 2208, 20
PSYC-1, 909678, LE, A00, TuTh, 11:00a-1:50p, CENTR, 113, 66
PSYC-6, 908910, LE, A00, TuTh, 5:00p-7:50p, CENTR, 216, 77
PSYC-7, 909680, LE, A00, TuTh, 2:00p-4:50p, CENTR, 212, 31
PSYC-4, 908909, LE, A00, TuTh, 11:00a-1:50p, SOLIS, 104, 47
PHYS-2BL, , LE, A00, MW, 10:00a-10:50a, YORK, 2622, 37
PHYS-2BL, 908885, LA, A01, TuTh, 11:00a-1:50p, MYR-A, 2722, 21
PHYS-2BL, 919123, LA, A03, TuTh, 8:00a-10:50a, MYR-A, 2722, 16
EDS-374, , LE, A00, MW, 9:00a-1:20p, PCYNH, 304, 0
EDS-375, , LE, A00, MW, 9:00a-1:20p, PCYNH, 340, 0
EDS-372, , LE, A00, TuTh, 1:00p-5:20p, PCYNH, 448, 0
EDS-373, , LE, A00, MW, 9:00a-1:20p, PCYNH, 302, 0
COMM-100C, , LE, A00, TuTh, 2:00p-4:50p, PETER, 103, 22
COMM-100C, 909844, DI, A01, Th, 11:00a-12:50p, CENTR, 203, 22
BIPN-120, , LE, A00, TuTh, 2:00p-4:50p, YORK, 2622, 50
BIPN-120, 909805, DI, A01, W, 11:00a-12:50p, YORK, 3000A, 23
BIPN-120, 909806, DI, A02, Th, 9:00a-10:50a, WLH, 2112, 27
COMM-100A, , LE, A00, MW, 11:00a-1:50p, PCYNH, 120, 48
COMM-100A, 909138, DI, A01, W, 3:00p-4:50p, WLH, 2114, 27
COMM-100A, 909139, DI, A02, Th, 11:00a-12:50p, CENTR, 220, 21
VIS-130, 909730, LE, A00, MW, 1:00p-3:50p, MANDE, 201A, 19
COGS-154, 909126, LE, A00, TuTh, 2:00p-4:50p, PETER, 104, 68
CSE-21, 909874, LE, A00, MTuWTh, 9:30a-10:50a, CENTR, 113, 83
CSE-21, , DI, A01, Th, 4:00p-5:50p, CSB, 005, 0
CSE-21, , DI, A03, F, 9:30a-11:20a, WLH, 2111, 0
CSE-21, 917840, LE, B00, MTuThF, 10:30a-11:50a, EBU3B, 4140, 0
CSE-21, , DI, B01, MTh, 9:30a-10:20a, EBU3B, 4140, 0
POLI-142N, 908905, LE, A00, TuTh, 2:00p-4:50p, YORK, 3000A, 11
SE-101B, 909703, LE, A00, MW, 2:00p-4:50p, CENTR, 113, 13
SE-101C, 909704, LE, A00, MW, 6:00p-8:50p, CENTR, 113, 11
SE-101A, 908931, LE, A00, MTuWTh, 12:30p-1:50p, PCYNH, 121, 5
ETHN-183, 909212, LE, A00, MW, 2:00p-4:50p, CENTR, 207, 10
PSYC-70, , LE, A00, MTuWTh, 9:30a-10:50a, CENTR, 222, 22
PSYC-70, 909684, DI, A01, Tu, 3:00p-4:50p, MCGIL, 1350, 13
PSYC-70, 911382, DI, A02, W, 3:00p-4:50p, MCGIL, 1350, 9
MATH-18, , LE, A00, MW, 2:00p-4:50p, CENTR, 115, 125
MATH-18, 908779, DI, A01, TuTh, 10:00a-10:50a, APM, 5402, 29
MATH-18, 908780, DI, A02, TuTh, 11:00a-11:50a, APM, 5402, 29
MATH-18, 908781, DI, A03, TuTh, 12:00p-12:50p, APM, 5402, 31
MATH-18, 908782, DI, A04, TuTh, 1:00p-1:50p, APM, 5402, 30
MATH-18, , LA, A50, WF, 10:00a-10:50a, APM, B349, 31
MATH-18, , LA, A51, WF, 11:00a-11:50a, APM, B349, 31
MATH-18, , LA, A52, WF, 12:00p-12:50p, APM, B349, 31
MATH-18, , LA, A53, WF, 1:00p-1:50p, APM, B349, 31
MATH-18, , LE, A00, TuTh, 2:00p-4:50p, HSS, 1330, 125
MATH-18, 909546, DI, A01, MW, 10:00a-10:50a, APM, B412, 37
MATH-18, 909547, DI, A02, MW, 11:00a-11:50a, APM, B412, 34
MATH-18, 909548, DI, A03, MW, 12:00p-12:50p, APM, B412, 31
MATH-18, 909549, DI, A04, MW, 1:00p-1:50p, APM, B412, 30
MATH-18, , LA, A50, TuTh, 10:00a-10:50a, APM, B349, 31
MATH-18, , LA, A51, TuTh, 11:00a-11:50a, APM, B349, 31
MATH-18, , LA, A52, TuTh, 12:00p-12:50p, APM, B349, 31
MATH-18, , LA, A53, TuTh, 1:00p-1:50p, APM, B349, 31
LISP-5D, 910060, LE, A00, MTuWThF, 9:00a-12:20p, MCGIL, 2315, 19
LISP-5A, 910054, LE, A00, MTuWThF, 9:00a-12:20p, HSS, 1128B, 13
LISP-5C, 910058, LE, A00, MTuWThF, 9:00a-12:20p, APM, 2301, 22
LISP-5B, 910056, LE, A00, MTuWThF, 9:00a-12:20p, APM, 2301, 22
SE-130B, 918152, LE, B00, MTuWTh, 2:00p-3:20p, WLH, 2113, 22
SE-130B, , LE, B00, F, 12:00p-1:50p, PCYNH, 121, 11
PHIL-165, 909637, LE, A00, TuTh, 11:00a-1:50p, YORK, 4080A, 22
PHIL-164, 908870, LE, A00, TuTh, 11:00a-1:50p, SEQUO, 147, 37
PHIL-163, , LE, A00, MW, 11:00a-1:50p, CENTR, 222, 42
PHIL-163, 909635, DI, A01, MW, 10:00a-10:50a, WLH, 2112, 24
PHIL-163, 909636, DI, A02, MW, 2:00p-2:50p, WLH, 2208, 18
PHIL-162, 908869, LE, A00, MW, 11:00a-1:50p, MANDE, B-104, 14
PSYC-144, 908917, LE, A00, MW, 2:00p-4:50p, CENTR, 216, 46
LTEN-132, 908765, LE, A00, MW, 8:00a-10:50a, HSS, 1315, 11
SOCI-2, , LE, A00, MTuWTh, 9:30a-10:50a, WLH, 2115, 17
SOCI-2, 916104, DI, A01, MW, 3:00p-3:50p, WLH, 2114, 17
SOCI-1, , LE, A00, TuTh, 11:00a-1:50p, CENTR, 222, 35
SOCI-1, 908940, DI, A01, TuTh, 2:00p-2:50p, CENTR, 217A, 35
ETHN-139, 909211, LE, A00, TuTh, 11:00a-1:50p, HSS, 1315, 9
POLI-150A, 909676, LE, A00, TuTh, 8:00a-10:50a, SEQUO, 148, 37
INTL-190, 908759, SE, A00, MW, 11:00a-1:50p, RBC, 1328, 15
BICD-112, , LE, A00, MTuWTh, 9:30a-10:50a, CENTR, 222, 21
BICD-112, 909012, DI, A01, Tu, 11:00a-12:50p, CENTR, 220, 21
MATH-168A, , LE, A00, MTuWTh, 1:00p-2:20p, APM, B402A, 40
MATH-168A, 908809, DI, A01, TuTh, 3:00p-3:50p, APM, B402A, 35
MATH-168A, , LE, A00, MTuWTh, 1:00p-2:20p, APM, B402A, 40
MATH-168A, 909571, DI, A01, TuTh, 3:00p-3:50p, APM, B402A, 46
BICD-110, , LE, A00, TuTh, 2:00p-4:50p, CENTR, 113, 97
BICD-110, 909764, DI, A01, Tu, 9:00a-10:50a, WLH, 2112, 21
BICD-110, 909765, DI, A02, W, 11:00a-12:50p, CENTR, 203, 26
BICD-110, 909766, DI, A03, W, 3:00p-4:50p, WLH, 2208, 20
BICD-110, 909767, DI, A04, Th, 11:00a-12:50p, CENTR, 217A, 30
SOCI-160, 908943, LE, A00, MW, 11:00a-1:50p, HSS, 1305, 28
LTEN-180, 908764, LE, A00, TuTh, 11:00a-1:50p, HSS, 1315, 8
SOCI-167, 909711, LE, A00, MW, 5:00p-7:50p, HSS, 1305, 9
MATH-103A, , LE, A00, MWF, 9:00a-10:50a, PETER, 108, 126
MATH-103A, 913043, DI, A01, TuTh, 9:00a-9:50a, APM, B402A, 29
MATH-103A, 917755, DI, A02, TuTh, 10:00a-10:50a, APM, B402A, 22
MATH-103A, 917756, DI, A03, TuTh, 9:00a-9:50a, APM, 2402, 30
MATH-103A, 917757, DI, A04, TuTh, 10:00a-10:50a, APM, 2402, 22
MATH-103A, 918827, DI, A05, TuTh, 11:00a-11:50a, APM, 2402, 23
MATH-103B, , LE, A00, MWF, 9:00a-10:50a, PCYNH, 122, 46
MATH-103B, 913045, DI, A01, TuTh, 9:00a-9:50a, APM, B402A, 26
MATH-103B, 917758, DI, A02, TuTh, 8:00a-8:50a, APM, B402A, 8
MATH-103B, 917759, DI, A03, TuTh, 10:00a-10:50a, APM, B402A, 12
VIS-22, , LE, A00, MW, 12:00p-2:50p, SME, 149, 45
VIS-22, 908973, DI, A01, TuTh, 10:00a-10:50a, MANDE, 106, 24
VIS-22, 908974, DI, A02, TuTh, 11:00a-11:50a, MANDE, 106, 21
ECON-173A, , LE, A00, MTuWTh, 9:30a-10:50a, CSB, 002, 25
ECON-173A, 909203, DI, A01, F, 9:30a-11:20a, CSB, 002, 25
LIGM-5B, 910050, LE, A00, MTuWThF, 9:00a-12:20p, HSS, 2333B, 7
LIGM-5C, 910052, LE, A00, MTuWThF, 9:00a-12:20p, HSS, 2333B, 8
MGT-172, 911390, LE, A00, MW, 5:00p-7:50p, OTRSN, 1S113, 69
LIGM-5A, 910048, LE, A00, MTuWThF, 9:00a-12:20p, HSS, 2333B, 10
POLI-144, 908894, LE, A00, MW, 2:00p-4:50p, WLH, 2209, 6
ECON-101, 909179, LE, A00, MTuWTh, 9:30a-10:50a, WLH, 2204, 21
HIEU-151, 909220, LE, A00, TuTh, 11:00a-1:50p, HSS, 2154, 8
SIOC-290S, , LE, A00, MTuWThF, 9:00a-10:50a, NIERN, 101, 12
SIOC-290S, 910086, DI, A01, MTuWThF, 11:00a-11:50a, NIERN, 101, 12
CSE-141, , LE, A00, TuTh, 2:00p-4:50p, WLH, 2111, 44
CSE-141, 909892, DI, A01, TuTh, 5:00p-5:50p, WLH, 2111, 44
EDS-204, , SE, A00, MW, 9:00a-11:50a, PCYNH, 440, 0
EDS-204, , SE, B00, MW, 1:00p-3:50p, PCYNH, 440, 0
EDS-206, 910004, SE, A00, TuTh, 9:00a-11:50a, PCYNH, 340, 36
EDS-206, 910005, SE, B00, TuTh, 1:00p-3:50p, PCYNH, 340, 36
EDS-201, 909997, SE, A00, MWF, 9:00a-11:50a, PCYNH, 340, 32
EDS-203, , SE, A00, TuTh, 9:00a-12:50p, PCYNH, 440, 0
PHYS-1CL, 908878, LA, 001, TuTh, 9:00a-10:50a, MAYER, 2130, 20
PHYS-1CL, 908879, LA, 002, TuTh, 11:00a-12:50p, MAYER, 2130, 23
PHYS-1CL, 909645, LA, 001, TuTh, 9:00a-10:50a, MAYER, 2130, 22
PHYS-1CL, 909646, LA, 002, TuTh, 11:00a-12:50p, MAYER, 2130, 20
PHYS-1CL, 917821, LA, 003, TuTh, 1:00p-2:50p, MAYER, 2130, 20
MATH-2, , LE, A00, MWF, 9:00a-10:50a, HSS, 1315, 0
MATH-2, 911175, DI, A01, Tu, 9:00a-10:50a, HSS, 1315, 0
MATH-2, , LA, A50, Th, 9:00a-10:50a, HSS, 1315, 0
VIS-128C, 908981, LE, A00, TuTh, 12:00p-2:50p, SME, 149, 21
ANSC-165, 909749, LE, A00, TuTh, 2:00p-4:50p, HSS, 1106A, 5
TDPW-1, 909728, LA, A00, MW, 11:00a-1:50p, MANDE, B-153, 17
MGT-16, 911384, LE, A00, TuTh, 8:00a-10:50a, OTRSN, 1S114, 35
MGT-18, 911385, LE, A00, TuTh, 11:00a-1:50p, OTRSN, 1S114, 55
MGT-18, 911395, LE, A00, TuTh, 11:00a-1:50p, WFH, 1N108, 64
COMM-190, 909135, SE, A00, MW, 2:00p-4:50p, CENTR, 203, 14
COMM-190, 909136, SE, B00, TuTh, 11:00a-1:50p, CENTR, 203, 24
COMM-190, 909839, SE, A00, TuTh, 11:00a-1:50p, HSS, 2321, 21
CGS-2A, , LE, A00, TuTh, 11:00a-1:50p, HSS, 1305, 0
PSYC-114, , LE, A00, TuTh, 11:00a-1:50p, MCGIL, 1350, 30
PSYC-114, 909689, LA, A01, TuTh, 10:00a-10:50a, MCGIL, 1350, 30
EDS-20S, 909933, SE, A00, MTuWThF, 9:00a-10:50a, CENTR, 101, 0
POLI-102C, 908898, LE, A00, TuTh, 11:00a-1:50p, WLH, 2112, 18
VIS-174, 908979, LE, A00, MTuW, 1:00p-4:50p, MANDE, 106, 22
MGT-181, 911391, LE, A00, MW, 5:00p-7:50p, WFH, 1N108, 76
ANTH-23, , LE, A00, MW, 2:00p-4:50p, CENTR, 222, 0
ANTH-21, , LE, A00, TuTh, 11:00a-1:50p, WLH, 2208, 35
ANTH-21, 908996, DI, A01, Th, 3:00p-4:50p, HSS, 1128A, 40
ANTH-21, , LE, A00, MW, 11:00a-1:50p, PCYNH, 121, 35
ANTH-21, 909752, DI, A01, F, 2:00p-3:50p, PCYNH, 121, 30
LTWL-160, 909955, LE, A00, MTuWTh, 2:00p-3:20p, MANDE, B-153, 12
MCWP-40, 909238, TU, A00, MW, 2:00p-4:50p, HSS, 2346A, 13
MCWP-40, 917923, TU, C00, TuTh, 8:00a-10:50a, HSS, 2152, 18
CHEM-6A, , LE, A00, MTuWTh, 2:00p-3:20p, GH, 242, 70
CHEM-6A, 909099, DI, A01, TuTh, 3:30p-4:20p, GH, 242, 70
CHEM-6A, , LE, A00, MTuWTh, 12:30p-1:50p, GH, 242, 70
CHEM-6A, 909819, DI, A01, F, 12:00p-1:50p, YORK, 2722, 70
CHEM-6C, , LE, A00, MTuWTh, 2:00p-3:20p, PETER, 108, 86
CHEM-6C, 909103, DI, A01, F, 2:00p-3:50p, PETER, 108, 109
CHEM-6C, , LE, A00, MTuWTh, 6:30p-7:50p, GH, 242, 86
CHEM-6C, 909823, DI, A01, F, 1:00p-2:50p, GH, 242, 63
CHEM-6B, , LE, A00, MTuWTh, 12:30p-1:50p, CENTR, 214, 43
CHEM-6B, 909101, DI, A01, F, 12:00p-1:50p, CENTR, 214, 42
CHEM-6B, , LE, A00, MTuWTh, 5:00p-6:20p, GH, 242, 43
CHEM-6B, 909821, DI, A01, F, 11:00a-12:50p, GH, 242, 45
BILD-2, , LE, A00, TuTh, 11:00a-1:50p, HSS, 1330, 92
BILD-2, 909020, DI, A01, MW, 12:00p-12:50p, CENTR, 218, 28
BILD-2, 909021, DI, A02, MW, 1:00p-1:50p, CENTR, 218, 32
BILD-2, 918045, DI, A03, TuTh, 10:00a-10:50a, CENTR, 220, 32
MGT-489, 910077, LE, A00, W, 6:30p-9:30p, OTRSN, 1E106, 0
MATH-170A, , LE, A00, TuTh, 2:00p-4:50p, HSS, 1330, 63
MATH-170A, 918678, DI, A01, W, 2:00p-3:50p, APM, B412, 33
MATH-170A, 918679, DI, A02, W, 4:00p-5:50p, APM, B412, 30
PSYC-190, 908926, LE, A00, MW, 5:00p-7:50p, CENTR, 212, 62
PSYC-191, 909697, LE, A00, MTuWTh, 11:00a-12:20p, CENTR, 218, 16
ECE-65, , LE, A00, MTuWTh, 11:00a-12:20p, WLH, 2205, 23
ECE-65, , DI, A01, TuTh, 10:00a-10:50a, WLH, 2205, 23
ECE-65, 909168, LA, A50, MW, 1:00p-4:00p, WLH, 2215, 7
ECE-65, 909169, LA, A51, TuTh, 1:00p-4:00p, WLH, 2215, 16
PSYC-178, 908924, LE, A00, MW, 11:00a-1:50p, CENTR, 217A, 30
PSYC-179, 908922, LE, A00, TuTh, 11:00a-1:50p, WLH, 2111, 47
PSYC-171, 908921, LE, A00, TuTh, 8:00a-10:50a, SEQUO, 147, 10
PSYC-172, 908923, LE, A00, MTuWTh, 2:00p-3:20p, MANDE, B-104, 16
MGT-136, 911401, LE, A00, TuTh, 5:00p-7:50p, OTRSN, 1S113, 21
CHEM-140B, , LE, A00, MTuWTh, 2:00p-3:20p, YORK, 2722, 91
CHEM-140B, 909084, DI, A01, MW, 1:00p-1:50p, YORK, 2622, 69
CHEM-140B, 909085, DI, A02, TuTh, 1:00p-1:50p, YORK, 2622, 40
CHEM-140B, , LE, A00, MTuWTh, 5:00p-6:20p, YORK, 2722, 91
CHEM-140B, 909815, DI, A01, TuTh, 6:30p-7:20p, YORK, 2622, 74
CHEM-140C, , LE, A00, MTuWTh, 12:30p-1:50p, PETER, 108, 78
CHEM-140C, 909087, DI, A01, F, 12:00p-1:50p, PETER, 108, 111
CHEM-140C, , LE, A00, MTuWTh, 6:30p-7:50p, YORK, 2722, 78
CHEM-140C, 918560, DI, A02, TuTh, 8:00p-8:50p, YORK, 2722, 46
CHEM-140A, , LE, A00, MTuWTh, 5:00p-6:20p, YORK, 2722, 125
CHEM-140A, 909082, DI, A01, TuTh, 6:30p-7:20p, YORK, 2722, 145
CHEM-140A, , LE, A00, MTuWTh, 9:30a-10:50a, GH, 242, 125
CHEM-140A, 909813, DI, A01, TuTh, 11:00a-11:50a, GH, 242, 105
MGTA-495, 919062, LE, A00, MW, 3:30p-6:30p, WFH, 4N128, 16
CSE-100, , LE, B00, MTuWTh, 9:30a-10:50a, PCYNH, 121, 0
CSE-100, 920276, DI, B01, Tu, 3:00p-4:50p, PCYNH, 121, 0
CSE-101, , LE, A00, MW, 8:00a-10:50a, WLH, 2205, 46
CSE-101, 909152, DI, A01, MW, 1:00p-1:50p, WLH, 2204, 36
CSE-101, , LE, A00, MTuWTh, 2:00p-3:20p, WLH, 2205, 46
CSE-101, 909882, DI, A01, Tu, 4:00p-5:50p, CENTR, 217A, 30
CSE-101, 911605, DI, A02, Tu, 4:00p-5:50p, CENTR, 217B, 26
ELWR-1, 913514, TU, A00, TuTh, 11:00a-1:50p, MANDE, B-153, 0
COGS-187A, , LE, A00, TuTh, 11:00a-1:50p, MANDE, B-150, 67
COGS-187A, 909835, LA, A01, TuTh, 10:00a-10:50a, MANDE, B-150, 67
MGT-439, 910073, LE, A00, F, 8:00a-11:00a, WFH, 3N128, 0
MGT-439, 918831, LE, B00, Th, 6:30p-9:30p, OTRSN, 3E109, 0
COGS-17, , LE, A00, MW, 11:00a-1:50p, CSB, 001, 48
COGS-17, 909121, LA, A01, TuTh, 10:00a-10:50a, CSB, 001, 48
DOC-100D, 909162, LE, A00, MW, 8:00a-10:50a, SEQUO, 148, 0
DOC-100D, 909900, LE, A00, MTuWTh, 5:00p-6:20p, HSS, 1315, 21
PSYC-105, 909687, LE, A00, TuTh, 11:00a-1:50p, CENTR, 212, 80
PSYC-104, 917148, LE, A00, MW, 5:00p-7:50p, CENTR, 216, 52
BILD-4, , LE, A00, TuTh, 9:30a-10:50a, PETER, 103, 0
BILD-4, 909785, LA, A01, TuTh, 11:00a-1:50p, YORK, 1310, 0
BILD-4, 909786, LA, A02, TuTh, 2:30p-5:20p, YORK, 1310, 0
PSYC-106, 908915, LE, A00, MTuWTh, 9:30a-10:50a, CENTR, 115, 23
PSYC-101, 908914, LE, A00, MTuWTh, 12:30p-1:50p, MCGIL, 1350, 21
BILD-3, , LE, A00, MW, 11:00a-1:50p, CENTR, 212, 107
BILD-3, 909023, DI, A01, MW, 3:00p-3:50p, CENTR, 220, 29
BILD-3, 909024, DI, A02, MW, 4:00p-4:50p, CENTR, 220, 23
BILD-3, 909025, DI, A03, TuTh, 9:00a-9:50a, CENTR, 218, 9
BILD-3, 909026, DI, A04, TuTh, 10:00a-10:50a, CENTR, 218, 27
BILD-3, , LE, A00, MW, 11:00a-1:50p, CENTR, 113, 107
BILD-3, 909780, DI, A01, M, 3:00p-4:50p, CENTR, 218, 32
BILD-3, 909781, DI, A02, Tu, 9:00a-10:50a, CENTR, 203, 31
BILD-3, 909782, DI, A03, Tu, 11:00a-12:50p, CENTR, 203, 32
BILD-3, 909783, DI, A04, W, 9:00a-10:50a, CENTR, 207, 32
PSYC-102, 909685, LE, A00, TuTh, 8:00a-10:50a, CENTR, 216, 33
HIEU-109, 909217, LE, A00, TuTh, 2:00p-4:50p, HSS, 2154, 24
RELI-149, 908929, LE, A00, TuTh, 2:00p-4:50p, CENTR, 214, 36
ECON-130, 909183, LE, A00, TuTh, 11:00a-1:50p, WLH, 2113, 38
ECON-131, 909184, LE, A00, TuTh, 11:00a-1:50p, CSB, 001, 60
ECON-131, 909915, LE, A00, MW, 11:00a-1:50p, CENTR, 216, 80
BIMM-120, , LE, A00, TuTh, 11:00a-1:50p, CENTR, 216, 92
BIMM-120, 909795, DI, A01, Tu, 9:00a-10:50a, CENTR, 205, 29
BIMM-120, 909796, DI, A02, W, 11:00a-12:50p, CENTR, 220, 25
BIMM-120, 909797, DI, A03, W, 9:00a-10:50a, HSS, 2321, 23
BIMM-120, 918845, DI, A04, W, 1:00p-2:50p, HSS, 2321, 15
POLI-28, , LE, A00, MW, 11:00a-12:50p, WLH, 2111, 61
POLI-28, 909660, DI, A01, MW, 1:00p-1:50p, WLH, 2111, 33
POLI-28, 909661, DI, A02, TuTh, 11:00a-11:50a, YORK, 3000A, 28
POLI-162, 908896, LE, A00, MW, 5:00p-7:50p, HSS, 2321, 9
SIO-133, 909707, LE, A00, TuTh, 11:00a-1:50p, VAUGN, 100, 35
SIO-133, , DI, A01, TuTh, 10:00a-10:50a, VAUGN, 100, 35
POLI-126AB, 909668, LE, A00, TuTh, 11:00a-1:50p, HSS, 1315, 16
CSE-7, , LE, A00, TuTh, 2:00p-4:50p, CENTR, 216, 0
PHIL-1, 909627, LE, A00, TuTh, 11:00a-1:50p, WLH, 2114, 20
PHYS-2A, , LE, A00, MTuWTh, 8:00a-9:20a, YORK, 2622, 34
PHYS-2A, , LE, A00, Th, 5:00p-6:50p, YORK, 2622, 34
PHYS-2A, 908881, DI, A01, Tu, 5:00p-6:50p, YORK, 2622, 69
PHYS-2B, , LE, A00, MTuWTh, 2:00p-3:20p, YORK, 2622, 41
PHYS-2B, , LE, A00, Th, 6:00p-7:50p, MANDE, B-210, 41
PHYS-2B, 908883, DI, A01, Tu, 6:00p-7:50p, MANDE, B-210, 78
PHYS-2B, , LE, A00, MTuWTh, 9:30a-10:50a, YORK, 2622, 41
PHYS-2B, , LE, A00, Th, 5:00p-6:50p, MANDE, B-210, 41
PHYS-2B, 909648, DI, A01, Tu, 5:00p-6:50p, MANDE, B-210, 87
PHYS-2C, , LE, A00, MTuWTh, 9:30a-10:50a, YORK, 2722, 45
PHYS-2C, , LE, A00, Th, 6:00p-7:50p, HSS, 1330, 45
PHYS-2C, 908888, DI, A01, Tu, 6:00p-7:50p, HSS, 1330, 99
PHYS-2C, , LE, A00, MTuWTh, 8:00a-9:20a, YORK, 2722, 45
PHYS-2C, , LE, A00, Th, 1:00p-2:50p, YORK, 2722, 45
PHYS-2C, 909650, DI, A01, Tu, 1:00p-2:50p, YORK, 2722, 82
PHYS-2D, , LE, A00, MTuWTh, 9:30a-10:50a, YORK, 2722, 27
PHYS-2D, , LE, A00, Th, 11:00a-12:50p, YORK, 2722, 27
PHYS-2D, 909656, DI, A01, Tu, 11:00a-12:50p, YORK, 2722, 54
HILD-7C, , LE, A00, MW, 11:00a-1:50p, CENTR, 113, 81
HILD-7C, 909226, DI, A01, M, 2:00p-3:50p, CENTR, 217A, 28
HILD-7C, 909227, DI, A02, W, 2:00p-3:50p, CENTR, 217A, 29
HILD-7C, 918886, DI, A03, W, 9:00a-10:50a, HSS, 2150, 24
EDS-385, 910292, LE, A00, MWF, 5:00p-8:20p, PCYNH, 304, 15
CSE-30, 909148, LE, A00, MTuWTh, 3:30p-4:50p, WLH, 2005, 77
CSE-30, , DI, A01, TuTh, 5:00p-5:50p, WLH, 2005, 30
CSE-30, 909876, LE, A00, MTuWTh, 3:30p-4:50p, WLH, 2205, 61
CSE-30, , DI, A01, MW, 6:00p-6:50p, WLH, 2205, 30
TDGE-11, 908951, LE, A00, TuTh, 2:00p-4:50p, PCYNH, 122, 18
TDGE-11, 908952, LE, B00, TuTh, 5:00p-7:50p, CSB, 001, 47
TDGE-11, 909719, LE, A00, MW, 2:00p-4:50p, YORK, 4080A, 48
TDGE-11, 909720, LE, B00, TuTh, 5:00p-7:50p, PCYNH, 122, 47
TDGE-10, 908950, LE, A00, TuTh, 11:00a-1:50p, PCYNH, 122, 45
ECON-100B, , LE, A00, MW, 11:00a-1:50p, PCYNH, 122, 48
ECON-100B, 909189, DI, A01, Th, 9:00a-10:50a, PCYNH, 122, 51
ECON-100B, , LE, A00, MW, 11:00a-1:50p, CENTR, 212, 48
ECON-100B, 909922, DI, A01, Th, 12:00p-1:50p, WLH, 2204, 46
ECON-100C, , LE, A00, TuTh, 11:00a-1:50p, CENTR, 113, 95
ECON-100C, 909191, DI, A01, W, 10:00a-11:50a, MANDE, B-210, 96
ECON-100C, , LE, A00, TuTh, 2:00p-4:50p, CSB, 002, 95
ECON-100C, 909924, DI, A01, W, 2:00p-3:50p, CSB, 002, 94
COGS-188, , LE, A00, MW, 2:00p-4:50p, CSB, 005, 38
COGS-188, 909827, LA, A01, MW, 5:00p-5:50p, CSB, 005, 38
ECON-100A, , LE, A00, MTuWTh, 11:00a-12:20p, CENTR, 214, 67
ECON-100A, 909187, DI, A01, F, 10:00a-11:50a, CENTR, 113, 84
ECON-100A, , LE, A00, MTuWTh, 9:30a-10:50a, CENTR, 212, 67
ECON-100A, 909920, DI, A01, F, 11:00a-12:50p, CENTR, 212, 50
HILA-103, 909223, LE, A00, TuTh, 11:00a-1:50p, CENTR, 217A, 20
CSE-132A, , LE, A00, MW, 6:00p-8:50p, CENTR, 105, 135
CSE-132A, 909156, DI, A01, F, 9:00a-10:50a, CENTR, 212, 135
USP-101, 908966, LE, A00, TuTh, 2:00p-4:50p, SEQUO, 147, 3
USP-100, 909729, LE, A00, TuTh, 11:00a-1:50p, SSB, 102, 15
USP-103, 914447, LE, A00, MW, 11:00a-1:50p, SEQUO, 148, 0
COMM-106F, 909141, LE, A00, MW, 5:00p-7:50p, CENTR, 222, 39
EDS-115, 909989, LE, A00, MW, 2:00p-4:50p, PCYNH, 340, 18
EDS-117, , LE, A00, TuTh, 5:00p-7:50p, PCYNH, 340, 0
ANTH-2, , LE, A00, TuTh, 2:00p-4:50p, HSS, 2152, 17
ANTH-2, 908994, DI, A01, W, 1:00p-1:50p, CENTR, 203, 17
MAE-131A, 909544, LE, A00, MTuWTh, 12:30p-1:50p, WLH, 2113, 32
SOCI-100, , LE, A00, MTuWTh, 11:00a-12:20p, SOLIS, 110, 15
SOCI-100, 916161, DI, A01, TuTh, 1:00p-1:50p, SOLIS, 110, 15
PSYC-130, 909690, LE, A00, MW, 2:00p-4:50p, HSS, 1315, 20
MATH-193A, , LE, A00, MWF, 11:00a-12:50p, HSS, 1330, 122
MATH-193A, 908811, DI, A01, TuTh, 11:00a-11:50a, APM, B402A, 29
MATH-193A, 908812, DI, A02, TuTh, 12:00p-12:50p, APM, B402A, 33
MATH-193A, 917859, DI, A03, TuTh, 1:00p-1:50p, APM, 2402, 29
MATH-193A, 917860, DI, A04, TuTh, 2:00p-2:50p, APM, 2402, 31
ANSC-166, 909750, LE, A00, MW, 5:00p-7:50p, CSB, 001, 111
MATH-193B, , LE, A00, MWF, 11:00a-12:50p, PETER, 104, 65
MATH-193B, 909573, DI, A01, TuTh, 11:00a-11:50a, APM, B402A, 32
MATH-193B, 909574, DI, A02, TuTh, 12:00p-12:50p, APM, B402A, 33
ETHN-127, 909209, LE, A00, TuTh, 11:00a-1:50p, SEQUO, 148, 18
LAWS-101, 908762, LE, A00, MW, 5:00p-7:50p, HSS, 1315, 16
COMM-111G, 909142, LE, A00, TuTh, 2:00p-4:50p, WLH, 2208, 40
LIGN-8, 908763, LE, A00, TuTh, 2:00p-4:50p, PETER, 102, 49
COGS-101C, , LE, A00, TuTh, 2:00p-4:50p, PETER, 102, 44
COGS-101C, 909829, DI, A01, TuTh, 1:00p-1:50p, PETER, 102, 44
POLI-140A, 909671, LE, A00, MW, 5:00p-7:50p, HSS, 2150, 16
MGT-147, 911389, LE, A00, MW, 11:00a-1:50p, OTRSN, 1S113, 15
HIEU-146, 909219, LE, A00, TuTh, 2:00p-4:50p, HSS, 2321, 21
ECON-171, , LE, A00, MTuWTh, 12:30p-1:50p, PETER, 103, 70
ECON-171, 909918, DI, A01, W, 2:00p-3:50p, PETER, 103, 70
CSE-135, , LE, A00, MTuWTh, 8:00a-9:20a, PCYNH, 106, 69
CSE-135, 909886, DI, A01, TuTh, 12:00p-12:50p, PCYNH, 106, 69
SE-131, 918051, LE, B00, MTuWTh, 11:00a-12:20p, WLH, 2113, 6
SE-131, , LE, B00, W, 9:00a-10:50a, WLH, 2113, 3
SIO-295S, 910084, SE, A00, MTuWThF, 9:00a-12:00p, HUBBS, 4500, 23
ETHN-154, 909939, LE, A00, MW, 11:00a-1:50p, SEQUO, 147, 11
SE-1, , LE, A00, MTuThF, 9:00a-10:20a, WLH, 2113, 0
SE-1, 909700, LA, A01, W, 8:00a-9:50a, SME, 303, 0
HIUS-123, 909231, LE, A00, TuTh, 11:00a-1:50p, HSS, 2152, 16
MGTA-454B, 919061, SE, A00, M, 10:00a-11:30a, WFH, 4N128, 42
BIMM-110, , LE, A00, MW, 2:00p-4:50p, CENTR, 214, 75
BIMM-110, 909038, DI, A01, M, 11:00a-12:50p, CENTR, 220, 30
BIMM-110, 909039, DI, A02, W, 11:00a-12:50p, CENTR, 220, 22
BIMM-110, 909040, DI, A03, M, 9:00a-10:50a, CENTR, 218, 23
BIMM-112, , LE, A00, MW, 8:00a-10:50a, CENTR, 207, 22
BIMM-112, 909042, DI, A01, TuTh, 11:00a-11:50a, CENTR, 207, 22
SIO-189, 908938, LE, A00, TuTh, 11:00a-1:50p, SPIES, 330, 36
MATH-4C, , LE, A00, MWThF, 9:00a-10:50a, SOLIS, 109, 0
MATH-4C, 911180, DI, A01, Tu, 9:00a-10:50a, SOLIS, 109, 0
COGS-14B, 909129, LE, A00, TuTh, 2:00p-4:50p, WLH, 2204, 42
COGS-14B, , LA, A01, TuTh, 1:00p-1:50p, WLH, 2204, 42
HIEA-131, 909216, LE, A00, MTuWTh, 11:00a-12:20p, CENTR, 217B, 24
COGS-14A, , LE, A00, MTuWTh, 11:00a-12:20p, WLH, 2205, 58
COGS-14A, 909833, LA, A01, MW, 10:00a-10:50a, WLH, 2111, 58
POLI-13, 909658, LE, A00, TuTh, 2:00p-4:50p, WLH, 2115, 23
POLI-12, 908890, LE, A00, TuTh, 8:00a-10:50a, SSB, 104, 29
POLI-11, 908889, LE, A00, TuTh, 11:00a-1:50p, WLH, 2209, 23
POLI-10, 909657, LE, A00, MW, 5:00p-7:50p, CSB, 004, 40
MAE-110A, 908776, LE, A00, MW, 2:00p-4:50p, CENTR, 212, 71
CONT-1S, , LE, A00, MTuWTh, 11:00a-11:50a, WLH, 2001, 0
CONT-1S, 909850, DI, A01, MWF, 1:00p-2:50p, CENTR, 202, 0
CONT-1S, , DI, A01, TuTh, 1:00p-3:50p, CENTR, 202, 0
CONT-1S, 909851, DI, A02, MWF, 1:00p-2:50p, CENTR, 208, 0
CONT-1S, , DI, A02, TuTh, 1:00p-3:50p, CENTR, 208, 0
CONT-1S, 909852, DI, A03, MWF, 1:00p-2:50p, CENTR, 223, 0
CONT-1S, , DI, A03, TuTh, 1:00p-3:50p, CENTR, 223, 0
CONT-1S, 909854, DI, A04, MWF, 1:00p-2:50p, CENTR, 224A, 0
CONT-1S, , DI, A04, TuTh, 1:00p-3:50p, CENTR, 224A, 0
CONT-1S, 909855, DI, A05, MWF, 1:00p-2:50p, CENTR, 224B, 0
CONT-1S, , DI, A05, TuTh, 1:00p-3:50p, CENTR, 224B, 0
CONT-1S, 909856, DI, A06, MWF, 1:00p-2:50p, CENTR, 224C, 0
CONT-1S, , DI, A06, TuTh, 1:00p-3:50p, CENTR, 224C, 0
CONT-1S, 909857, DI, A07, MWF, 1:00p-2:50p, CENTR, 204, 0
CONT-1S, , DI, A07, TuTh, 1:00p-3:50p, CENTR, 204, 0
CONT-1S, 909858, DI, A08, MWF, 1:00p-2:50p, CENTR, 206, 0
CONT-1S, , DI, A08, TuTh, 1:00p-3:50p, CENTR, 206, 0
CONT-1S, 909859, DI, A09, MWF, 1:00p-2:50p, CENTR, 201, 0
CONT-1S, , DI, A09, TuTh, 1:00p-3:50p, CENTR, 201, 0
CONT-1S, 909860, DI, A10, MWF, 1:00p-2:50p, CENTR, 205, 0
CONT-1S, , DI, A10, TuTh, 1:00p-3:50p, CENTR, 205, 0
CONT-1S, 909862, DI, A11, MWF, 1:00p-2:50p, CENTR, 203, 0
CONT-1S, , DI, A11, TuTh, 1:00p-3:50p, CENTR, 203, 0
CONT-1S, 909863, DI, A12, MWF, 1:00p-2:50p, CENTR, 207, 0
CONT-1S, , DI, A12, TuTh, 1:00p-3:50p, CENTR, 207, 0
CONT-1S, 909864, DI, A13, MWF, 1:00p-2:50p, CENTR, 218, 0
CONT-1S, , DI, A13, TuTh, 1:00p-3:50p, CENTR, 218, 0
CONT-1S, 909865, DI, A14, MWF, 1:00p-2:50p, CENTR, 220, 0
CONT-1S, , DI, A14, TuTh, 1:00p-3:50p, CENTR, 220, 0
CONT-1S, 909867, DI, A15, MWF, 1:00p-2:50p, CENTR, 217A, 0
CONT-1S, , DI, A15, TuTh, 1:00p-3:50p, CENTR, 217A, 0
CONT-1S, 909868, DI, A16, MWF, 1:00p-2:50p, CENTR, 217B, 0
CONT-1S, , DI, A16, TuTh, 1:00p-3:50p, CENTR, 217B, 0
CONT-1S, 920740, DI, A17, MWF, 1:00p-2:50p, CENTR, 333, 0
CONT-1S, , DI, A17, TuTh, 1:00p-3:50p, CENTR, 333, 0
CONT-1S, 920741, DI, A18, MWF, 1:00p-2:50p, CENTR, 339, 0
CONT-1S, , DI, A18, TuTh, 1:00p-3:50p, CENTR, 339, 0
CONT-1S, 920742, DI, A19, MWF, 1:00p-2:50p, CENTR, 356, 0
CONT-1S, , DI, A19, TuTh, 1:00p-3:50p, CENTR, 356, 0
CONT-1S, 920743, DI, A20, MWF, 1:00p-2:50p, CENTR, 361, 0
CONT-1S, , DI, A20, TuTh, 1:00p-3:50p, CENTR, 361, 0
CONT-1S, 920744, DI, A21, MWF, 1:00p-2:50p, CENTR, 368, 0
CONT-1S, , DI, A21, TuTh, 1:00p-3:50p, CENTR, 368, 0
VIS-194S, 909733, LE, A00, TuTh, 2:00p-4:50p, CENTR, 119, 24
MAE-107, 909540, LE, A00, TuTh, 5:00p-7:50p, CENTR, 214, 71
MAE-105, 908773, LE, A00, TuTh, 2:00p-4:50p, WLH, 2205, 65
SIOC-291S, , LE, A00, MTuWThF, 1:00p-2:50p, ECKRT, 227, 12
SIOC-291S, 910089, DI, A01, MTuWThF, 3:10p-4:00p, ECKRT, 227, 12
MCWP-50, 909239, SE, A00, TuTh, 2:00p-4:50p, HSS, 2346A, 18
MCWP-50, 909240, SE, B00, TuTh, 11:00a-1:50p, HSS, 2346A, 18
MCWP-50, 909241, SE, C00, MW, 8:00a-10:50a, HSS, 2346A, 18
MCWP-50, 909242, SE, D00, MW, 11:00a-1:50p, HSS, 2346A, 18
MCWP-50, 917924, SE, F00, TuTh, 8:00a-10:50a, HSS, 2346A, 16
MGT-121A, 911399, LE, A00, MW, 5:00p-7:50p, OTRSN, 1S114, 56
BIEB-150, , LE, A00, MTuWTh, 12:30p-1:50p, WLH, 2205, 38
BIEB-150, 909773, DI, A01, Tu, 3:00p-4:50p, WLH, 2112, 19
BIEB-150, 909774, DI, A02, Th, 9:00a-10:50a, CENTR, 203, 19
ECON-4, 909178, LE, A00, MTuWTh, 12:30p-1:50p, CSB, 002, 30
ECON-4, 911394, LE, A00, TuTh, 11:00a-1:50p, OTRSN, 1S113, 10
BIPN-100, , LE, A00, TuTh, 11:00a-1:50p, PETER, 110, 92
BIPN-100, 909044, DI, A01, MW, 10:00a-10:50a, WLH, 2112, 19
BIPN-100, 909045, DI, A02, MW, 1:00p-1:50p, CENTR, 220, 22
BIPN-100, 909046, DI, A03, MW, 2:00p-2:50p, CENTR, 220, 12
BIPN-100, 909047, DI, A04, TuTh, 9:00a-9:50a, SEQUO, 148, 15
BIPN-100, 909048, DI, A05, TuTh, 10:00a-10:50a, SEQUO, 148, 24
ECON-2, , LE, A00, TuTh, 5:00p-7:50p, SEQUO, 147, 37
ECON-2, 909175, DI, A01, W, 5:00p-6:50p, SEQUO, 147, 37
ECON-2, , LE, A00, TuTh, 11:00a-1:50p, SEQUO, 148, 37
ECON-2, 909911, DI, A01, F, 12:00p-1:50p, SEQUO, 148, 37
ECON-3, , LE, A00, MW, 8:00a-10:50a, PCYNH, 122, 45
ECON-3, 909177, DI, A01, Tu, 9:00a-10:50a, PCYNH, 122, 45
ECON-1, , LE, A00, MW, 11:00a-1:50p, PETER, 102, 62
ECON-1, 909173, DI, A01, Tu, 10:00a-11:50a, MANDE, B-210, 48
ECON-1, , LE, A00, MTuWTh, 8:00a-9:20a, CENTR, 212, 62
ECON-1, 909909, DI, A01, F, 9:00a-10:50a, CENTR, 212, 76
NANO-15, 909626, LE, A00, MTuThF, 9:00a-10:20a, WLH, 2114, 7
LTWR-4, 909957, SE, B00, TuTh, 11:00a-1:50p, MANDE, 127, 12
LTWR-4, 909958, SE, C00, TuTh, 11:00a-1:50p, YORK, 3050A, 15
LTWR-4, 909959, SE, D00, TuTh, 11:00a-1:50p, YORK, 3050B, 13
PSYC-181, 909696, LE, A00, TuTh, 2:00p-4:50p, CSB, 001, 87
PSYC-180, 909695, LE, A00, TuTh, 5:00p-7:50p, CSB, 001, 102
PSYC-188, 908925, LE, A00, TuTh, 5:00p-7:50p, MANDE, B-150, 30
TDGE-25, 908953, LA, A00, MW, 8:00a-10:50a, YORK, 3000A, 20
TDGE-25, 909721, LA, A00, MW, 2:00p-4:50p, YORK, 3000A, 13
TDGE-25, 909722, LA, B00, TuTh, 2:00p-4:50p, YORK, 3000A, 14
POLI-113A, 908902, LE, A00, MW, 11:00a-1:50p, PETER, 110, 300
PSYC-169, 908920, LE, A00, MW, 5:00p-7:50p, PETER, 102, 19
PSYC-168, 909694, LE, A00, TuTh, 11:00a-1:50p, CSB, 001, 38
CHEM-7L, 909105, LA, A01, MTuWTh, 8:00a-10:50a, YORK, 2108, 0
CHEM-7L, 909106, LA, A02, MTuWTh, 8:00a-10:50a, YORK, 2124, 0
CHEM-7L, 909107, LA, A03, MTuWTh, 8:00a-10:50a, YORK, 2142, 0
CHEM-7L, 909108, LA, A04, MTuWTh, 8:00a-10:50a, YORK, 2208, 0
CHEM-7L, 909109, LA, A05, MTuWTh, 8:00a-10:50a, YORK, 2224, 0
CHEM-7L, 909110, LA, A06, MTuWTh, 8:00a-10:50a, YORK, 4224, 0
CHEM-7L, 909111, LA, A07, MTuWTh, 8:00a-10:50a, YORK, 4248, 0
CHEM-7L, , LE, B00, MW, 11:00a-12:50p, YORK, 2722, 0
CHEM-7L, 909113, LA, B01, MTuWTh, 1:00p-3:50p, YORK, 2108, 0
CHEM-7L, 909114, LA, B02, MTuWTh, 1:00p-3:50p, YORK, 2124, 0
CHEM-7L, 909115, LA, B03, MTuWTh, 1:00p-3:50p, YORK, 2142, 0
CHEM-7L, 909116, LA, B04, MTuWTh, 1:00p-3:50p, YORK, 2208, 0
CHEM-7L, 909117, LA, B05, MTuWTh, 1:00p-3:50p, YORK, 2224, 0
CHEM-7L, 909118, LA, B06, MTuWTh, 1:00p-3:50p, YORK, 4224, 0
CHEM-7L, 909119, LA, B07, MTuWTh, 1:00p-3:50p, YORK, 4248, 0
PSYC-162, 909693, LE, A00, MW, 2:00p-4:50p, CSB, 001, 32
LTEN-113, 909953, LE, A00, MW, 11:00a-1:50p, WLH, 2110, 9
PSYC-164, 908919, LE, A00, TuTh, 2:00p-4:50p, CENTR, 212, 40
MGT-421, 910070, LE, A00, Tu, 6:30p-9:30p, OTRSN, 1E106, 0
MGT-426, 910062, LE, A00, Tu, 6:30p-9:30p, OTRSN, 1E107, 0
CENG-101A, 909968, LE, A00, MTuWTh, 11:00a-11:50a, WLH, 2204, 29
MGT-429, 910071, LE, A00, M, 6:30p-9:30p, OTRSN, 1E107, 0
MGT-429, 910072, LE, B00, W, 6:30p-9:30p, OTRSN, 1E107, 0
BIBC-100, , LE, A00, MTuWTh, 11:00a-12:20p, MANDE, B-210, 112
BIBC-100, 909756, DI, A01, TuTh, 10:00a-10:50a, MANDE, B-104, 31
BIBC-100, 909757, DI, A02, MW, 2:00p-2:50p, MANDE, B-104, 28
BIBC-100, 909758, DI, A03, MW, 3:00p-3:50p, MANDE, B-104, 25
BIBC-100, 918046, DI, A04, MW, 1:00p-1:50p, SOLIS, 110, 28
BIBC-102, , LE, A00, MTuWTh, 11:00a-12:20p, CENTR, 115, 134
BIBC-102, 908998, DI, A01, MW, 9:00a-9:50a, CENTR, 220, 28
BIBC-102, 908999, DI, A02, MW, 10:00a-10:50a, CENTR, 220, 32
BIBC-102, 909000, DI, A03, TuTh, 2:00p-2:50p, CENTR, 220, 26
BIBC-102, 909001, DI, A04, TuTh, 3:00p-3:50p, CENTR, 220, 27
BIBC-102, 909002, DI, A05, TuTh, 4:00p-4:50p, CENTR, 220, 21
BIBC-103, , LE, A00, TuWThF, 9:30a-10:50a, PETER, 104, 0
BIBC-103, 909004, LA, A01, TuWThF, 11:00a-2:50p, BONN, 1309, 0
BIBC-103, 909005, LA, A02, TuWThF, 11:00a-2:50p, BONN, 1413, 0
BIBC-103, , LE, A00, TuWThF, 9:30a-10:50a, CSB, 004, 0
BIBC-103, 909760, LA, A01, TuWThF, 11:00a-2:50p, BONN, 1309, 0
BIBC-103, 909761, LA, A02, TuWThF, 11:00a-2:50p, BONN, 1413, 0
SOCI-142, 908942, LE, A00, TuTh, 2:00p-4:50p, CENTR, 217B, 12
MATH-142B, , LE, A00, MTuThF, 12:30p-1:50p, HSS, 1330, 79
MATH-142B, 909568, DI, A01, WF, 3:00p-3:50p, APM, B402A, 33
MATH-142B, 909569, DI, A02, WF, 4:00p-4:50p, APM, B402A, 20
MATH-142B, 917796, DI, A03, WF, 5:00p-5:50p, APM, B402A, 26
MATH-142A, , LE, A00, MTuThF, 12:30p-1:50p, CENTR, 115, 153
MATH-142A, 908804, DI, A01, WF, 3:00p-3:50p, APM, 2402, 27
MATH-142A, 908805, DI, A02, WF, 4:00p-4:50p, APM, 2402, 36
MATH-142A, 908806, DI, A03, WF, 5:00p-5:50p, APM, 2402, 40
MATH-142A, 908807, DI, A04, WF, 6:00p-6:50p, APM, 2402, 30
MATH-142A, 917803, DI, A05, WF, 7:00p-7:50p, APM, 2402, 20
CSE-140, , LE, A00, TuTh, 11:00a-1:50p, PCYNH, 122, 64
CSE-140, 909890, DI, A01, TuTh, 10:00a-10:50a, PCYNH, 122, 64
